{
  "train_loss": [
    0.563040006633212,
    0.33572766021257494,
    0.28965530193191236,
    0.26173749723570133,
    0.2401563059387168,
    0.23114968394118596,
    0.21304244741918596,
    0.20933272029326214,
    0.20376838325727276,
    0.19122686309785378
  ],
  "val_loss": [
    0.4025300070296886,
    0.38106092408645986,
    0.32059006191963374,
    0.26913515966992047,
    0.2595891974693121,
    0.2517934826917427,
    0.22465315197789393,
    0.23032129698021467,
    0.24120809366536694,
    0.20807140926982082
  ],
  "val_dice": [
    0.6010465968486874,
    0.6206937742787738,
    0.6802871948064759,
    0.7315484701200973,
    0.7410122782685036,
    0.7485873449680417,
    0.7756907274556715,
    0.7699582920518032,
    0.7590205583461496,
    0.7921016199644222
  ]
}